ID,Email Address,First Name,Last Name,Phone,Last Contacted,Company ID
1,Anton_Masood2017@womeona.net,Anton,Masood,3-483-482-7050,,
2,Chloe_Liow5214@guentu.biz,Chloe,Liow,1-000-320-1427,,
3,Alexis_Vidal9864@infotech44.tech,Alexis,Vidal,7-111-532-2628,,
4,Aumi_Ichiki8536@twace.org,Aumi,Ichiki,2-287-700-0378,,
5,Emily_Hopper3383@jiman.org,Emily,Hopper,5-030-532-7662,,
6,Dalia_Patel6309@typill.biz,Dalia,Patel,3-601-711-6016,,
7,Eliza_Elmsley2528@zorer.org,Eliza,Elmsley,8-684-264-8810,,
8,Everett_Foster8349@guentu.biz,Everett,Foster,1-172-713-3850,,
9,Hank_Byrne4186@iatim.tech,Hank,Byrne,4-415-515-5212,,
10,Hannah_Watson9799@dionrab.com,Hannah,Watson,2-742-280-7245,,
11,Mahika_Thompson2498@supunk.biz,Mahika,Thompson,6-352-722-0510,,
12,Javier_Suarez2459@bungar.biz,Javier,Suarez,5-827-012-4322,,
13,Raj_Chowdury8958@twipet.com,Raj,Chowdury,8-786-352-0446,,
14,Jordan_Pegman9512@irrepsy.com,Jordan,Pegman,2-587-632-5008,,
15,Regina_Anderson4793@mafthy.com,Regina,Anderson,2-660-745-8612,,
16,Lucas_Sherman6557@ovock.tech,Lucas,Sherman,3-778-005-4425,,
17,Shinsuke_Nakata1031@joiniaa.com,Shinsuke,Nakata,8-181-685-6080,,
18,Walter_Ross1621@bungar.biz,Walter,Ross,4-810-245-1114,,
19,Whitney_Andrews2837@fuliss.net,Whitney,Andrews,1-852-242-3207,,
20,Chris_Hammond7855@bungar.biz,Chris,Hammond,3-678-026-3823,,